ticker,cross_date,銘柄名,33業種区分
2695.T,2026-09-28,くら寿司,小売業
4528.T,2026-09-28,小野薬品工業,医薬品
4617.T,2026-09-28,中国塗料,化学
4784.T,2026-09-28,ＧＭＯインターネット,サービス業
5262.T,2026-09-28,日本ヒューム,ガラス・土石製品
5344.T,2026-09-28,ＭＡＲＵＷＡ,ガラス・土石製品
5844.T,2026-09-28,京都フィナンシャルグループ,銀行業
5991.T,2026-09-28,日本発條,金属製品
6125.T,2026-09-28,岡本工作機械製作所,機械
6226.T,2026-09-28,守谷輸送機工業,機械
6376.T,2026-09-28,日機装,精密機器
6504.T,2026-09-28,富士電機,電気機器
6516.T,2026-09-28,山洋電気,電気機器
6616.T,2026-09-28,トレックス・セミコンダクター,電気機器
6617.T,2026-09-28,東光高岳,電気機器
6677.T,2026-09-28,エスケーエレクトロニクス,電気機器
6723.T,2026-09-28,ルネサスエレクトロニクス,電気機器
6754.T,2026-09-28,アンリツ,電気機器
6823.T,2026-09-28,リオン,電気機器
6856.T,2026-09-28,堀場製作所,電気機器
6857.T,2026-09-28,アドバンテスト,電気機器
6877.T,2026-09-28,ＯＢＡＲＡ　ＧＲＯＵＰ,電気機器
6914.T,2026-09-28,オプテックスグループ,電気機器
7186.T,2026-09-28,横浜フィナンシャルグループ,銀行業
7729.T,2026-09-28,東京精密,精密機器
7735.T,2026-09-28,ＳＣＲＥＥＮホールディングス,電気機器
7868.T,2026-09-28,広済堂ホールディングス,その他製品
7990.T,2026-09-28,グローブライド,その他製品
8035.T,2026-09-28,東京エレクトロン,電気機器
8163.T,2026-09-28,ＳＲＳホールディングス,小売業
8316.T,2026-09-28,三井住友フィナンシャルグループ,銀行業
8358.T,2026-09-28,スルガ銀行,銀行業
8708.T,2026-09-28,アイザワ証券グループ,証券、商品先物取引業
9202.T,2026-09-28,ＡＮＡホールディングス,空運業
9278.T,2026-09-28,ブックオフグループホールディングス,小売業
1333.T,2026-09-25,Ｕｍｉｏｓ,水産・農林業
1942.T,2026-09-25,関電工,建設業
1951.T,2026-09-25,エクシオグループ,建設業
2315.T,2026-09-25,ＣＡＩＣＡ　ＤＩＧＩＴＡＬ,情報・通信業
2337.T,2026-09-25,いちご,不動産業
2670.T,2026-09-25,エービーシー・マート,小売業
285A.T,2026-09-25,キオクシアホールディングス,電気機器
287A.T,2026-09-25,黒田グループ,卸売業
2931.T,2026-09-25,ユーグレナ,食料品
3028.T,2026-09-25,アルペン,小売業
319A.T,2026-09-25,技術承継機構,金属製品
3350.T,2026-09-25,メタプラネット,卸売業
3445.T,2026-09-25,ＲＳ　Ｔｅｃｈｎｏｌｏｇｉｅｓ,金属製品
3482.T,2026-09-25,ロードスターキャピタル,不動産業
3498.T,2026-09-25,霞ヶ関キャピタル,不動産業
3612.T,2026-09-25,ワールド,繊維製品
3817.T,2026-09-25,ＳＲＡホールディングス,情報・通信業
3891.T,2026-09-25,ニッポン高度紙工業,パルプ・紙
3905.T,2026-09-25,データセクション,情報・通信業
3946.T,2026-09-25,トーモク,パルプ・紙
3984.T,2026-09-25,ユーザーローカル,情報・通信業
429A.T,2026-09-25,テクセンドフォトマスク,その他製品
4452.T,2026-09-25,花王,化学
4587.T,2026-09-25,ペプチドリーム,医薬品
4598.T,2026-09-25,Ｄｅｌｔａ－Ｆｌｙ　Ｐｈａｒｍａ,医薬品
4612.T,2026-09-25,日本ペイントホールディングス,化学
4626.T,2026-09-25,太陽ホールディングス,化学
464A.T,2026-09-25,ＱＰＳホールディングス,情報・通信業
4674.T,2026-09-25,クレスコ,情報・通信業
4980.T,2026-09-25,デクセリアルズ,化学
4997.T,2026-09-25,日本農薬,化学
5192.T,2026-09-25,三ツ星ベルト,ゴム製品
5393.T,2026-09-25,ニチアス,ガラス・土石製品
5444.T,2026-09-25,大和工業,鉄鋼
5821.T,2026-09-25,平河ヒューテック,非鉄金属
5830.T,2026-09-25,いよぎんホールディングス,銀行業
5831.T,2026-09-25,しずおかフィナンシャルグループ,銀行業
5838.T,2026-09-25,楽天銀行,銀行業
5981.T,2026-09-25,東京製綱,金属製品
5988.T,2026-09-25,パイオラックス,金属製品
5989.T,2026-09-25,エイチワン,金属製品
6134.T,2026-09-25,ＦＵＪＩ,機械
6227.T,2026-09-25,ＡＩメカテック,機械
6266.T,2026-09-25,タツモ,機械
6287.T,2026-09-25,サトー,機械
6301.T,2026-09-25,小松製作所,機械
6328.T,2026-09-25,荏原実業,機械
6381.T,2026-09-25,アネスト岩田,機械
6459.T,2026-09-25,だいわ,機械
6473.T,2026-09-25,ジェイテクト,機械
6490.T,2026-09-25,ＰＩＬＬＡＲ,機械
6498.T,2026-09-25,キッツ,機械
6508.T,2026-09-25,明電舎,電気機器
6521.T,2026-09-25,オキサイド,電気機器
6586.T,2026-09-25,マキタ,機械
6645.T,2026-09-25,オムロン,電気機器
6923.T,2026-09-25,スタンレー電気,電気機器
6925.T,2026-09-25,ウシオ電機,電気機器
7011.T,2026-09-25,三菱重工業,機械
7173.T,2026-09-25,東京きらぼしフィナンシャルグループ,銀行業
7182.T,2026-09-25,ゆうちょ銀行,銀行業
7224.T,2026-09-25,新明和工業,輸送用機器
7236.T,2026-09-25,ティラド,輸送用機器
7240.T,2026-09-25,ＮＯＫ,輸送用機器
7276.T,2026-09-25,小糸製作所,電気機器
7282.T,2026-09-25,豊田合成,輸送用機器
7701.T,2026-09-25,島津製作所,精密機器
7740.T,2026-09-25,タムロン,精密機器
7744.T,2026-09-25,ノーリツ鋼機,精密機器
7751.T,2026-09-25,キヤノン,電気機器
7760.T,2026-09-25,ＩＭＶ,精密機器
7966.T,2026-09-25,リンテック,その他製品
7979.T,2026-09-25,松風,精密機器
7994.T,2026-09-25,オカムラ,その他製品
7995.T,2026-09-25,バルカー,化学
8005.T,2026-09-25,スクロール,小売業
8012.T,2026-09-25,長瀬産業,卸売業
8050.T,2026-09-25,セイコーグループ,精密機器
8214.T,2026-09-25,ＡＯＫＩホールディングス,小売業
8306.T,2026-09-25,三菱ＵＦＪフィナンシャル・グループ,銀行業
8308.T,2026-09-25,りそなホールディングス,銀行業
8331.T,2026-09-25,千葉銀行,銀行業
8337.T,2026-09-25,千葉興業銀行,銀行業
8411.T,2026-09-25,みずほフィナンシャルグループ,銀行業
8508.T,2026-09-25,Ｊトラスト,その他金融業
8698.T,2026-09-25,マネックスグループ,証券、商品先物取引業
9413.T,2026-09-25,テレビ東京ホールディングス,情報・通信業
9551.T,2026-09-25,メタウォーター,電気・ガス業
9678.T,2026-09-25,カナモト,サービス業
9880.T,2026-09-25,イノテック,電気機器
186A.T,2026-09-24,アストロスケールホールディングス,サービス業
1882.T,2026-09-24,東亜道路工業,建設業
255A.T,2026-09-24,ジーエルテクノホールディングス,精密機器
3741.T,2026-09-24,セック,情報・通信業
4062.T,2026-09-24,イビデン,電気機器
4165.T,2026-09-24,プレイド,情報・通信業
4205.T,2026-09-24,日本ゼオン,化学
421A.T,2026-09-24,ムービン・ストラテジック・キャリア,サービス業
4246.T,2026-09-24,ダイキョーニシカワ,化学
4377.T,2026-09-24,ワンキャリア,情報・通信業
4461.T,2026-09-24,第一工業製薬,化学
4901.T,2026-09-24,富士フイルムホールディングス,化学
4927.T,2026-09-24,ポーラ・オルビスホールディングス,化学
5563.T,2026-09-24,新日本電工,鉄鋼
5702.T,2026-09-24,大紀アルミニウム工業所,非鉄金属
5851.T,2026-09-24,リョービ,非鉄金属
5885.T,2026-09-24,ジーデップ・アドバンス,卸売業
5949.T,2026-09-24,ユニプレス,輸送用機器
6005.T,2026-09-24,三浦工業,機械
6055.T,2026-09-24,ジャパンマテリアル,サービス業
6135.T,2026-09-24,牧野フライス製作所,機械
6209.T,2026-09-24,リケンＮＰＲ,機械
6268.T,2026-09-24,ナブテスコ,機械
6420.T,2026-09-24,ガリレイホールディングス,機械
6469.T,2026-09-24,放電精密加工研究所,機械
6479.T,2026-09-24,ミネベアミツミ,電気機器
6480.T,2026-09-24,日本トムソン,機械
6486.T,2026-09-24,イーグル工業,機械
6507.T,2026-09-24,シンフォニアテクノロジー,電気機器
6523.T,2026-09-24,ＰＨＣホールディングス,電気機器
6526.T,2026-09-24,ソシオネクスト,電気機器
6570.T,2026-09-24,共和コーポレーション,サービス業
6592.T,2026-09-24,マブチモーター,電気機器
6627.T,2026-09-24,テラプローブ,電気機器
6752.T,2026-09-24,パナソニック　ホールディングス,電気機器
6814.T,2026-09-24,古野電気,電気機器
6859.T,2026-09-24,エスペック,電気機器
6871.T,2026-09-24,日本マイクロニクス,電気機器
6928.T,2026-09-24,エノモト,電気機器
6941.T,2026-09-24,山一電機,電気機器
6951.T,2026-09-24,日本電子,電気機器
6971.T,2026-09-24,京セラ,電気機器
6988.T,2026-09-24,日東電工,化学
7003.T,2026-09-24,三井Ｅ＆Ｓ,機械
7419.T,2026-09-24,ノジマ,小売業
7779.T,2026-09-24,ＣＹＢＥＲＤＹＮＥ,精密機器
8111.T,2026-09-24,ゴールドウイン,繊維製品
8877.T,2026-09-24,エスリード,不動産業
9037.T,2026-09-24,ハマキョウレックス,陸運業
9766.T,2026-09-24,コナミグループ,情報・通信業
9962.T,2026-09-24,ミスミグループ本社,卸売業
