ticker,relative_strength,銘柄名,33業種区分
338A.T,0.9595788259962712,ＺｅｎｍｕＴｅｃｈ,情報・通信業
6191.T,0.828040346480508,エアトリ,サービス業
2962.T,0.8072986811140961,テクニスコ,金属製品
4493.T,0.6009235906872814,サイバーセキュリティクラウド,情報・通信業
6834.T,0.5472543387728892,精工技研,電気機器
4588.T,0.5372565145202053,オンコリスバイオファーマ,医薬品
6203.T,0.5229987026591978,豊和工業,機械
6787.T,0.5212620209137715,メイコー,電気機器
8848.T,0.5185984158621066,レオパレス２１,不動産業
153A.T,0.5016060202281509,カウリス,情報・通信業
7475.T,0.4844569955071718,アルビス,小売業
3692.T,0.48239803261546,ＦＦＲＩセキュリティ,情報・通信業
6227.T,0.4606523550144914,ＡＩメカテック,機械
604A.T,0.4450566293028637,ビーエイブル,建設業
4258.T,0.42336067031409863,網屋,情報・通信業
3131.T,0.4174573053170225,シンデン・ハイテックス,卸売業
5985.T,0.4169998942635851,サンコール,金属製品
6855.T,0.4159209258479333,日本電子材料,電気機器
6779.T,0.4031093854731156,日本電波工業,電気機器
6871.T,0.3949956565233068,日本マイクロニクス,電気機器
6777.T,0.38967860312319846,ｓａｎｔｅｃ　Ｈｏｌｄｉｎｇｓ,電気機器
1783.T,0.37705995432364503,ｆａｎｔａｓｉｓｔａ,不動産業
456A.T,0.37474071830727396,ＨＵＭＡＮ　ＭＡＤＥ,小売業
6920.T,0.36322795669823704,レーザーテック,電気機器
6941.T,0.3542648389912164,山一電機,電気機器
4417.T,0.3510341629989089,グローバルセキュリティエキスパート,情報・通信業
6890.T,0.34601383508854955,フェローテック,電気機器
135A.T,0.33544921606861156,ＶＲＡＩＮ　Ｓｏｌｕｔｉｏｎ,情報・通信業
7552.T,0.3262663035299944,ハピネット,卸売業
6266.T,0.3234454964923199,タツモ,機械
4203.T,0.3181176739710718,住友ベークライト,化学
6490.T,0.31504278694167076,ＰＩＬＬＡＲ,機械
6862.T,0.3086990902829845,ミナトホールディングス,電気機器
5381.T,0.30307532205141685,マイポックス,ガラス・土石製品
6800.T,0.29049279014454066,ヨコオ,電気機器
6730.T,0.28761896053482516,アクセル,電気機器
5136.T,0.28385508616948685,ｔｒｉｐｌａ,情報・通信業
6524.T,0.28246237990247636,湖北工業,電気機器
4461.T,0.2810350127803871,第一工業製薬,化学
5301.T,0.27719675322925386,東海カーボン,ガラス・土石製品
6976.T,0.27095179128875735,太陽誘電,電気機器
7717.T,0.26330530748349634,ブイ・テクノロジー,精密機器
4216.T,0.26277424003793093,旭有機材,化学
485A.T,0.25914156283931633,パワーエックス,電気機器
6668.T,0.25851261320821073,アドテック　プラズマ　テクノロジー,電気機器
6857.T,0.25618015258882476,アドバンテスト,電気機器
3652.T,0.25414328765697847,ディジタルメディアプロフェッショナル,情報・通信業
6946.T,0.2523212783654569,日本アビオニクス,電気機器
3449.T,0.2522277395585444,テクノフレックス,金属製品
8387.T,0.24561595972175576,四国銀行,銀行業
6613.T,0.24335208915510576,ＱＤレーザ,電気機器
4888.T,0.23962978672587965,ステラファーマ,医薬品
3132.T,0.2395563839151904,マクニカホールディングス,卸売業
6278.T,0.23887540818711095,ユニオンツール,機械
9984.T,0.23880760479355123,ソフトバンクグループ,情報・通信業
219A.T,0.2353472471413247,Ｈｅａｒｔｓｅｅｄ,医薬品
6981.T,0.2352834002010542,村田製作所,電気機器
4980.T,0.23432208686843548,デクセリアルズ,化学
4967.T,0.23175211359394865,小林製薬,化学
6918.T,0.22988481308070718,アバールデータ,電気機器
6768.T,0.2277026278454961,タムラ製作所,電気機器
6762.T,0.22330885105797882,ＴＤＫ,電気機器
6507.T,0.22298968868525604,シンフォニアテクノロジー,電気機器
6134.T,0.22104069268640592,ＦＵＪＩ,機械
3110.T,0.21819470609669467,日東紡績,ガラス・土石製品
8344.T,0.21753873560764947,山形銀行,銀行業
6961.T,0.21340449213877122,エンプラス,電気機器
4368.T,0.21064177895978276,扶桑化学工業,化学
2160.T,0.2087890095821121,ジーエヌアイグループ,医薬品
3105.T,0.2076945276278026,日清紡ホールディングス,電気機器
5801.T,0.207062722106651,古河電気工業,非鉄金属
7735.T,0.2055431654390445,ＳＣＲＥＥＮホールディングス,電気機器
4393.T,0.20476393914337954,バンク・オブ・イノベーション,情報・通信業
3040.T,0.2016289198408865,ソリトンシステムズ,情報・通信業
3891.T,0.2008924825039995,ニッポン高度紙工業,パルプ・紙
4968.T,0.20080201587713797,荒川化学工業,化学
7609.T,0.1988498375921277,ダイトロン,卸売業
6324.T,0.19805442946176677,ハーモニック・ドライブ・システムズ,機械
6951.T,0.19630098604614732,日本電子,電気機器
520A.T,0.19482499730358782,ジェイファーマ,医薬品
7729.T,0.1930265912018101,東京精密,精密機器
6742.T,0.19252387184941822,京三製作所,電気機器
6785.T,0.1896958238888624,鈴木,電気機器
4704.T,0.1872477151025047,トレンドマイクロ,情報・通信業
6337.T,0.18688138289507372,テセック,機械
4099.T,0.1860969237440011,四国化成ホールディングス,化学
4583.T,0.1843770274943768,カイオム・バイオサイエンス,医薬品
3156.T,0.1835609103465896,レスター,卸売業
5537.T,0.1794587549233453,ＡｌｂａＬｉｎｋ,不動産業
6258.T,0.1794233221227588,平田機工,機械
7384.T,0.17912180999374816,プロクレアホールディングス,銀行業
4971.T,0.17674046550575384,メック,化学
446A.T,0.17650465585071595,ノースサンド,サービス業
6323.T,0.1746007188251153,ローツェ,機械
4440.T,0.17332163656663568,ヴィッツ,情報・通信業
2326.T,0.17212721889763616,デジタルアーツ,情報・通信業
5991.T,0.1716054088690997,日本発條,金属製品
5310.T,0.17142197212779942,東洋炭素,ガラス・土石製品
6962.T,0.1706939065782871,大真空,電気機器
3968.T,0.16979297170121233,セグエグループ,情報・通信業
6723.T,0.1694027072862705,ルネサスエレクトロニクス,電気機器
4174.T,0.16909742504964043,アピリッツ,情報・通信業
5892.T,0.1684817176278548,ｙｕｔｏｒｉ,小売業
6479.T,0.16660850101504887,ミネベアミツミ,電気機器
4894.T,0.16573919960666395,クオリプス,医薬品
6277.T,0.16387314113683193,ホソカワミクロン,機械
6145.T,0.16302923618333787,ＮＩＴＴＯＫＵ,機械
4100.T,0.16295739022108102,戸田工業,化学
6859.T,0.16165490784290149,エスペック,電気機器
8362.T,0.16156699657716622,福井銀行,銀行業
7777.T,0.1606757735326847,スリー・ディー・マトリックス,精密機器
6504.T,0.15976349931780165,富士電機,電気機器
268A.T,0.1585320355419193,リガク・ホールディングス,精密機器
6525.T,0.15784073510442598,ＫＯＫＵＳＡＩ　ＥＬＥＣＴＲＩＣ,電気機器
5802.T,0.15727868946392087,住友電気工業,非鉄金属
5344.T,0.1559989883695676,ＭＡＲＵＷＡ,ガラス・土石製品
6638.T,0.155370694678181,ミマキエンジニアリング,電気機器
6794.T,0.15481533066773112,フォスター電機,電気機器
6877.T,0.154596186207703,ＯＢＡＲＡ　ＧＲＯＵＰ,電気機器
2760.T,0.15309907412804602,東京エレクトロン　デバイス,卸売業
6315.T,0.1478027079468336,ＴＯＷＡ,機械
6508.T,0.1470504576474818,明電舎,電気機器
4004.T,0.14696286694500427,レゾナック・ホールディングス,化学
3905.T,0.1469441242078151,データセクション,情報・通信業
3436.T,0.14658376384745475,ＳＵＭＣＯ,金属製品
4369.T,0.14440138482297038,トリケミカル研究所,化学
7715.T,0.14394223116711213,長野計器,精密機器
7746.T,0.1435132193684594,岡本硝子,精密機器
5243.T,0.14329468220220853,ｎｏｔｅ,情報・通信業
6617.T,0.1432276189943038,東光高岳,電気機器
6998.T,0.1430292709205767,日本タングステン,電気機器
3433.T,0.14292086916187485,トーカロ,金属製品
186A.T,0.14148303124672212,アストロスケールホールディングス,サービス業
6016.T,0.14093332490092636,ジャパンエンジンコーポレーション,輸送用機器
6521.T,0.14063499648216116,オキサイド,電気機器
6856.T,0.14038883727869633,堀場製作所,電気機器
4047.T,0.13826087811117405,関東電化工業,化学
4966.T,0.13743731281421123,上村工業,化学
6526.T,0.13648024417871762,ソシオネクスト,電気機器
6728.T,0.13636791280115368,アルバック,電気機器
325A.T,0.13625535662249577,ＴＥＮＴＩＡＬ,繊維製品
3445.T,0.13598852575221665,ＲＳ　Ｔｅｃｈｎｏｌｏｇｉｅｓ,金属製品
6925.T,0.13566573654466652,ウシオ電機,電気機器
6928.T,0.13468707296771298,エノモト,電気機器
9824.T,0.13365336091705182,泉州電業,卸売業
9880.T,0.13330995432364512,イノテック,電気機器
5208.T,0.13329765601589227,有沢製作所,化学
5121.T,0.1332388777504836,藤倉コンポジット,ゴム製品
6264.T,0.13249762010613853,マルマエ,機械
6840.T,0.1321401682273884,ＡＫＩＢＡホールディングス,電気機器
255A.T,0.13090610816979886,ジーエルテクノホールディングス,精密機器
